login,name,company,location,email,hireable,bio,public_repos,followers,following,created_at
tj,,,,,,,,,,
kunal-kushwaha,,,,,,,,,,
angelabauer,,,,,,,,,,
jlord,,,,,,,,,,
Elfocrash,,,,,,,,,,
alyssaxuu,,,,,,,,,,
eddiejaoude,,,,,,,,,,
daneden,,,,,,,,,,
LaravelDaily,,,,,,,,,,
jskeet,,,,,,,,,,
mattdesl,,,,,,,,,,
cloudflare,,,,,,,,,,
nicklockwood,,,,,,,,,,
jgthms,,,,,,,,,,
bizz84,,,,,,,,,,
samuelcolvin,,,,,,,,,,
Lissy93,,,,,,,,,,
jgilfelt,,,,,,,,,,
sonnysangha,,,,,,,,,,
nickbutcher,,,,,,,,,,
florina-muntenescu,,,,,,,,,,
pydanny,,,,,,,,,,
SaraVieira,,,,,,,,,,
dsyer,,,,,,,,,,
trueadm,,,,,,,,,,
matryer,,,,,,,,,,
adamchainz,,,,,,,,,,
gordicaleksa,,,,,,,,,,
lewagon,,,,,,,,,,
threepointone,,,,,,,,,,
lizrice,,,,,,,,,,
Soldy,,,,,,,,,,
londonappbrewery,,,,,,,,,,
jasondavies,,,,,,,,,,
sdiehl,,,,,,,,,,
ArefMq,,,,,,,,,,
steveruizok,,,,,,,,,,
Archakov06,,,,,,,,,,
mlabonne,,,,,,,,,,
appbrewery,,,,,,,,,,
jspahrsummers,,,,,,,,,,
emilsjolander,,,,,,,,,,
dli,,,,,,,,,,
lucasr,,,,,,,,,,
TryCatchLearn,,,,,,,,,,
riggaroo,,,,,,,,,,
paullewis,,,,,,,,,,
soulwire,,,,,,,,,,
spite,,,,,,,,,,
MachineLearnia,,,,,,,,,,
gajus,,,,,,,,,,
mvdan,,,,,,,,,,
0atman,,,,,,,,,,
kylef,,,,,,,,,,
passy,,,,,,,,,,
laurent22,,,,,,,,,,
canonical,,,,,,,,,,
slightfoot,,,,,,,,,,
VagrantStory,,,,,,,,,,
lpil,,,,,,,,,,
praveenscience,,,,,,,,,,
christiannwamba,,,,,,,,,,
audreyfeldroy,,,,,,,,,,
PaulKinlan,,,,,,,,,,
atherosai,,,,,,,,,,
cortinico,,,,,,,,,,
fabiospampinato,,,,,,,,,,
fluttercommunity,,,,,,,,,,
robmarkcole,,,,,,,,,,
TodePond,,,,,,,,,,
nicholasjackson,,,,,,,,,,
weavejester,,,,,,,,,,
kitten,,,,,,,,,,
MaggieAppleton,,,,,,,,,,
HariSekhon,,,,,,,,,,
paritytech,,,,,,,,,,
ohld,,,,,,,,,,
Patalin,,,,,,,,,,
derickr,,,,,,,,,,
ItzLevvie,,,,,,,,,,
serengil,,,,,,,,,,
BYK,,,,,,,,,,
bee-san,,,,,,,,,,
keithamus,,,,,,,,,,
ForbesLindesay,,,,,,,,,,
lovell,,,,,,,,,,
sergiecode,,,,,,,,,,
petebacondarwin,,,,,,,,,,
jacobbinnie,,,,,,,,,,
sebastianstarke,,,,,,,,,,
ualehosaini,,,,,,,,,,
kadikraman,,,,,,,,,,
umaar,,,,,,,,,,
jcoglan,,,,,,,,,,
mikedewar,,,,,,,,,,
albinotonnina,,,,,,,,,,
peter-lawrey,,,,,,,,,,
samdutton,,,,,,,,,,
a7v8x,,,,,,,,,,
nelstrom,,,,,,,,,,
postspectacular,,,,,,,,,,
dylanbeattie,,,,,,,,,,
jackfranklin,,,,,,,,,,
Lukasa,,,,,,,,,,
bashtage,,,,,,,,,,
benjojo,,,,,,,,,,
bookercodes,,,,,,,,,,
kelset,,,,,,,,,,
OlafenwaMoses,,,,,,,,,,
arkivanov,,,,,,,,,,
abreslav,,,,,,,,,,
MicheleBertoli,,,,,,,,,,
jevakallio,,,,,,,,,,
MattIPv4,,,,,,,,,,
jakewright,,,,,,,,,,
RichardWarburton,,,,,,,,,,
benanne,,,,,,,,,,
sixeyed,,,,,,,,,,
snyk,,,,,,,,,,
FranxYao,,,,,,,,,,
Effect-TS,,,,,,,,,,
FlexMonkey,,,,,,,,,,
TerryCavanagh,,,,,,,,,,
perone,,,,,,,,,,
rachelnabors,,,,,,,,,,
hackerkid,,,,,,,,,,
padolsey,,,,,,,,,,
jkup,,,,,,,,,,
quii,,,,,,,,,,
alanshaw,,,,,,,,,,
AhmedSoliman,,,,,,,,,,
wakaleo,,,,,,,,,,
eddyerburgh,,,,,,,,,,
wagerfield,,,,,,,,,,
alphagov,,,,,,,,,,
sandromancuso,,,,,,,,,,
netbiosX,,,,,,,,,,
karlicoss,,,,,,,,,,
ixahmedxi,,,,,,,,,,
shubheksha,,,,,,,,,,
epinna,,,,,,,,,,
davem330,,,,,,,,,,
igorwojda,,,,,,,,,,
davidstutz,,,,,,,,,,
knowbody,,,,,,,,,,
leeper,,,,,,,,,,
bwplotka,,,,,,,,,,
sole,,,,,,,,,,
valeman,,,,,,,,,,
pablogsal,,,,,,,,,,
alexgarrettsmith,,,,,,,,,,
nigeljyng,,,,,,,,,,
OsandaMalith,,,,,,,,,,
cdown,,,,,,,,,,
alexyoung,,,,,,,,,,
eviltester,,,,,,,,,,
iancooper,,,,,,,,,,
everzet,,,,,,,,,,
azimidev,,,,,,,,,,
nitin42,,,,,,,,,,
zhovner,,,,,,,,,,
pradyunsg,,,,,,,,,,
Billy-Ellis,,,,,,,,,,
xtuc,,,,,,,,,,
jnewbery,,,,,,,,,,
glebm,,,,,,,,,,
julianstorer,,,,,,,,,,
FilipGrebowski,,,,,,,,,,
csteinmetz1,,,,,,,,,,
kaz-Anova,,,,,,,,,,
MaksimAbramchuk,,,,,,,,,,
eleurent,,,,,,,,,,
poyea,,,,,,,,,,
danicat,,,,,,,,,,
AnaisUrlichs,,,,,,,,,,
alexanderGugel,,,,,,,,,,
tugberkugurlu,,,,,,,,,,
mariusschulz,,,,,,,,,,
alexbilbie,,,,,,,,,,
scribu,,,,,,,,,,
chshersh,,,,,,,,,,
rtyley,,,,,,,,,,
ahmetabdi,,,,,,,,,,
LondonAppDev,,,,,,,,,,
spences10,,,,,,,,,,
essentialdevelopercom,,,,,,,,,,
salaboy,,,,,,,,,,
Integralist,,,,,,,,,,
NicolasHug,,,,,,,,,,
aslakhellesoy,,,,,,,,,,
Dan-Piker,,,,,,,,,,
katzien,,,,,,,,,,
TheEconomist,,,,,,,,,,
jessicayung,,,,,,,,,,
ocharles,,,,,,,,,,
michalmuskala,,,,,,,,,,
lukejacksonn,,,,,,,,,,
linusg,,,,,,,,,,
yiwenl,,,,,,,,,,
sanchit-gandhi,,,,,,,,,,
lukehaas,,,,,,,,,,
pngwn,,,,,,,,,,
GavinLonDigital,,,,,,,,,,
robjtede,,,,,,,,,,
davisonio,,,,,,,,,,
chidiwilliams,,,,,,,,,,
Expensify,,,,,,,,,,
Amanieu,,,,,,,,,,
dastergon,,,,,,,,,,
kbuzzard,,,,,,,,,,
softchris,,,,,,,,,,
openfaas,,,,,,,,,,
BohdanOrlov,,,,,,,,,,
ianozsvald,,,,,,,,,,
yannickl,,,,,,,,,,
jodastephen,,,,,,,,,,
patrick91,,,,,,,,,,
danilop,,,,,,,,,,
mottosso,,,,,,,,,,
AztecProtocol,,,,,,,,,,
cesarferreira,,,,,,,,,,
PierfrancescoSoffritti,,,,,,,,,,
RobertTLange,,,,,,,,,,
maban,,,,,,,,,,
Developerayo,,,,,,,,,,
jjqqkk,,,,,,,,,,
risenW,,,,,,,,,,
vrom911,,,,,,,,,,
pikax,,,,,,,,,,
rohitg00,,,,,,,,,,
bayandin,,,,,,,,,,
ashvardanian,,,,,,,,,,
myitcv,,,,,,,,,,
lena-voita,,,,,,,,,,
Kureev,,,,,,,,,,
akinsho,,,,,,,,,,
philhawksworth,,,,,,,,,,
TomWhitwell,,,,,,,,,,
benmoseley,,,,,,,,,,
jasonwilliams,,,,,,,,,,
thomas-mcdonald,,,,,,,,,,
Olical,,,,,,,,,,
Mononofu,,,,,,,,,,
yrezgui,,,,,,,,,,
SonyaMoisset,,,,,,,,,,
errordeveloper,,,,,,,,,,
dimpurr,,,,,,,,,,
mattjgalloway,,,,,,,,,,
appleton,,,,,,,,,,
omerxx,,,,,,,,,,
nataliemarleny,,,,,,,,,,
UKVeteran,,,,,,,,,,
ButchersBoy,,,,,,,,,,
jjenzz,,,,,,,,,,
BenNeighbour,,,,,,,,,,
GoodBoyDigital,,,,,,,,,,
mwaterfall,,,,,,,,,,
ianmiell,,,,,,,,,,
Him188,,,,,,,,,,
pattle,,,,,,,,,,
hughsie,,,,,,,,,,
jakzal,,,,,,,,,,
claudio-toledo,,,,,,,,,,
dscape,,,,,,,,,,
gontovnik,,,,,,,,,,
ds300,,,,,,,,,,
OpenHFT,,,,,,,,,,
junhyukoh,,,,,,,,,,
kbenoit,,,,,,,,,,
whoiskatrin,,,,,,,,,,
caiozullo,,,,,,,,,,
tomwilkie,,,,,,,,,,
hereismari,,,,,,,,,,
bonzanini,,,,,,,,,,
fiorix,,,,,,,,,,
CodeMaster7000,,,,,,,,,,
tobiemh,,,,,,,,,,
bitbrain,,,,,,,,,,
spurin,,,,,,,,,,
moyheen,,,,,,,,,,
mihajlija,,,,,,,,,,
CJ42,,,,,,,,,,
malmstein,,,,,,,,,,
ministryofjustice,,,,,,,,,,
snowkylin,,,,,,,,,,
pedrib,,,,,,,,,,
orf,,,,,,,,,,
casperdcl,,,,,,,,,,
msusur,,,,,,,,,,
fb55,,,,,,,,,,
moabukar,,,,,,,,,,
playcanvas,,,,,,,,,,
martincostello,,,,,,,,,,
amishshah,,,,,,,,,,
PaulSonOfLars,,,,,,,,,,
thatfiredev,,,,,,,,,,
mneedham,,,,,,,,,,
djl11,,,,,,,,,,
javache,,,,,,,,,,
sergdort,,,,,,,,,,
man-group,,,,,,,,,,
hudson-and-thames,,,,,,,,,,
isaachinman,,,,,,,,,,
QuiiBz,,,,,,,,,,
DLu,,,,,,,,,,
RuiAAPeres,,,,,,,,,,
andresionek91,,,,,,,,,,
azimin,,,,,,,,,,
tomstuart,,,,,,,,,,
ludwigschubert,,,,,,,,,,
st0012,,,,,,,,,,
eth0izzle,,,,,,,,,,
JujuAdams,,,,,,,,,,
akanimax,,,,,,,,,,
RichardKnop,,,,,,,,,,
walaura,,,,,,,,,,
monzo,,,,,,,,,,
mwouts,,,,,,,,,,
vorg,,,,,,,,,,
Rigellute,,,,,,,,,,
AlexsJones,,,,,,,,,,
benyaminahmed,,,,,,,,,,
Neha,,,,,,,,,,
ryancdotorg,,,,,,,,,,
dturner,,,,,,,,,,
